Cust_Id,First_Name,Last_Name,Name,F_Name,L_Name,Birth_Date,Street_Number,Street_Name,Unit,City,State,Zip_Code,Email_Id,Social_Security_Number,Address,Mobile_no,Branch_Code
NPDN572628,William,Peterson,William Peterson,William,Peterson,1966-03-20,14737,Rogers Park,Suite 273,Laurenmouth,Louisiana,78640,angela83@example.org,248-93-6659,"777 Christopher Forges
Holtport, TN 76726",(678)585-6855x744,TUKO773872
DXRY233749,David,Lee,David Lee,David,Lee,1956-06-30,0824,Terri Plaza,Suite 271,New Justinfort,New Hampshire,45158,tammyking@example.com,117-09-6566,"29413 Angela Mall
Port Alexandra, NV 58529",496-549-9091x3341,CQHI738299
ANOW974034,Glenn,Jones,Glenn Jones,Glenn,Jones,1952-02-04,324,Charles Expressway,Suite 994,Martinezport,Vermont,53258,vincent77@example.org,613-06-7079,"13990 Johnston Track Apt. 787
Howardshire, NE 83703",817.256.5512x5674,CQHI738299
KDYM808760,Shawn,Edwards,Shawn Edwards,Shawn,Edwards,1962-06-16,247,Martinez Roads,Apt. 248,New Rickybury,Delaware,60983,hollanderic@example.net,299-66-4480,"3782 Lee Rapid Apt. 146
Sarahhaven, KY 00837",849-997-2787x5588,FNPP360260
WHSM360576,Sarah,Kane,Sarah Kane,Sarah,Kane,2003-06-20,71870,Robert Shoal,Apt. 174,Cindyfurt,Tennessee,11028,melissa86@example.com,642-92-7995,"134 Julie Mews
Port Cynthiaville, NV 22306",001-840-405-0455x623,VDEI118244
MTVH792374,George,Miller,George Miller,George,Miller,1974-05-06,9464,Bruce Flat,Suite 713,Armstrongshire,Maine,92156,andrew64@example.org,580-88-0804,"PSC 7439, Box 5339
APO AA 89336",001-421-504-7095x21456,VDEI118244
LQQI247451,David,Ryan,David Ryan,David,Ryan,1998-02-02,0481,Richardson Summit,Suite 965,Lake Jesustown,South Carolina,74085,rose31@example.net,844-60-4952,"00471 Jimmy Plain
South Shawn, TN 97905",001-786-592-6179x640,YSWA967054
LDVL850643,Scott,Sampson,Scott Sampson,Scott,Sampson,1960-11-09,93183,Lisa Fort,Suite 290,Micheleberg,Florida,71308,lauren10@example.org,016-46-3899,"40268 Julie Mountains
Stricklandhaven, OR 14794",883.390.8470x076,PAXR053100
CCKT212499,Tracy,Browning,Tracy Browning,Tracy,Browning,1985-06-25,1183,Hayes Forks,Suite 576,Blairmouth,Nevada,41464,nicholas27@example.org,094-11-1528,"80988 Santiago Loop Suite 604
Michaelshire, NY 28385",(573)815-8514,CQHI738299
TTVU809402,Megan,Villegas,Megan Villegas,Megan,Villegas,1989-01-06,1201,Nicholas Motorway,Suite 254,Kimberlyshire,Rhode Island,11636,moorekaren@example.org,691-11-4459,"9764 Kari Crescent Suite 614
Roseport, AZ 29404",(990)803-4324x4510,YSWA967054
WHQR516060,Gregory,James,Gregory James,Gregory,James,1963-12-26,60529,Collier Lake,Apt. 613,Chapmanhaven,Colorado,52374,julie35@example.org,079-66-1869,"5231 Jonathan Extensions
Port Katherine, CA 23719",001-977-699-7995x52717,VDEI118244
LQCJ770054,Laura,Vargas,Laura Vargas,Laura,Vargas,1982-01-02,079,Marc Mountains,Apt. 071,Toniland,North Carolina,85190,benjaminzimmerman@example.com,537-67-9992,"6659 Kristina Rue Suite 151
Mitchellberg, MA 11183",001-825-746-2914,YSWA967054
XVQC685054,Lisa,Santiago,Lisa Santiago,Lisa,Santiago,1949-07-14,1888,Ebony Wells,Apt. 962,East Marie,Wyoming,82386,jenniferwilliams@example.com,693-93-3892,"Unit 9473 Box 8347
DPO AE 48714",+1-297-974-6886x23924,TUKO773872
DWQD412478,Morgan,Spencer,Morgan Spencer,Morgan,Spencer,1947-11-28,8536,Nicholas Burgs,Suite 152,North Justin,New Mexico,91736,katherineharrison@example.net,006-11-0312,"986 Kimberly Freeway
Davidbury, MT 84249",+1-671-817-9808x932,VDEI118244
SNFV185188,Aaron,Gomez,Aaron Gomez,Aaron,Gomez,1969-09-08,0515,Jessica Road,Apt. 952,West Amyburgh,Wyoming,90243,epollard@example.net,187-18-1034,"43030 Mahoney Passage Suite 874
Port Deborahport, MI 06766",+1-754-615-6676x5277,QOBR317278
CNTF845115,Laurie,Acosta,Laurie Acosta,Laurie,Acosta,1974-09-17,59640,Emily Lodge,Suite 820,Port Cathy,New Hampshire,05062,carlososborne@example.com,371-50-9294,"755 Hines Ports
New Michael, MD 85640",931-502-7868x144,PAXR053100
PGDE172715,Wendy,Mitchell,Wendy Mitchell,Wendy,Mitchell,1998-04-18,8313,Joel Park,Apt. 589,Tannerside,Florida,80710,jonesraymond@example.net,737-62-8613,"125 Shannon Springs Suite 289
Port Tammy, NE 66412",7186242253,DLYR692322
URIE498182,Meghan,King,Meghan King,Meghan,King,1947-02-01,10943,Montgomery Burgs,Suite 844,Sanchezfurt,Maryland,59947,barkereric@example.com,496-60-3343,"5562 Robertson Coves
Johnville, KY 59430",421.704.6963,CQHI738299
GYFP877470,Sarah,Griffith,Sarah Griffith,Sarah,Griffith,1947-08-06,47974,Melanie Meadows,Apt. 456,Brandonton,Oregon,74139,michaelroberts@example.com,517-58-9009,"16558 Fischer Flat
Porterton, AZ 18462",001-457-887-2982x595,TCNV998543
JSKQ887947,Vicki,Stevenson,Vicki Stevenson,Vicki,Stevenson,1984-11-26,4993,Brandy Extension,Suite 230,East Andrewmouth,Nebraska,20349,avaughn@example.net,794-79-7727,"283 Bolton Neck
Edwardsburgh, NH 70379",585-949-7334x84344,TUKO773872
ZXIJ198665,Logan,Bailey,Logan Bailey,Logan,Bailey,1995-02-21,3384,Taylor Ridges,Apt. 308,Lake Jesse,Connecticut,54673,jennifer12@example.org,564-21-6667,"3454 Rebecca Corners Apt. 802
Khanburgh, PW 05264",(972)440-0499x1547,XZKN981693
GZDK274205,Melissa,Mcdonald,Melissa Mcdonald,Melissa,Mcdonald,1966-08-07,61227,Boyle Avenue,Suite 637,Stephanieport,Pennsylvania,95250,greenmichael@example.org,064-86-1937,"8414 Mendez Forges
South Eric, WA 79896",(768)378-3391x878,DLYR692322
RQGS822587,Samantha,Rodriguez,Samantha Rodriguez,Samantha,Rodriguez,1975-02-21,86790,Chambers Inlet,Apt. 640,New Charles,Nevada,45659,weaverbrian@example.org,484-05-4704,"656 Kane Lane
Millerside, DC 86161",(812)886-8230x047,TCNV998543
LEIG106903,Madeline,Wright,Madeline Wright,Madeline,Wright,1960-12-08,067,Amber Throughway,Apt. 284,Port Sabrina,Oregon,42300,joel28@example.org,424-39-4509,"687 Teresa Row
Floydmouth, UT 55069",(824)862-8733x42708,VDEI118244
HIGK175183,Angela,Anderson,Angela Anderson,Angela,Anderson,1999-01-15,837,Molly Isle,Suite 033,Lake Yvonnefort,Kansas,91678,randyallen@example.com,795-37-6237,"4587 Garcia Stravenue Suite 535
Robertshire, VI 29503",001-820-548-9964x2353,XZKN981693
VKIY777252,Victor,Pena,Victor Pena,Victor,Pena,2001-05-20,00623,Jasmine Branch,Apt. 875,New Danafort,Texas,64445,smithandrea@example.org,018-68-4502,"86211 John River Suite 546
West Susanmouth, OK 32378",001-234-410-1666x870,FNPP360260
UZKS180339,Christopher,Bruce,Christopher Bruce,Christopher,Bruce,1956-06-27,0392,Hickman Hills,Apt. 939,Rhodesside,Michigan,50812,krystalnorris@example.org,513-96-5667,"15999 Novak Islands Apt. 477
West Angela, MS 57104",(696)419-4311,FNPP360260
EXMK511047,Norman,Bowers,Norman Bowers,Norman,Bowers,1982-03-09,861,Christopher Plaza,Apt. 995,Smithchester,Missouri,11602,ashleyjackson@example.com,174-18-4406,"12646 Washington Club Suite 437
South Daniel, ME 01388",(559)965-7569x2459,TUKO773872
KJXW793564,Leon,Oconnell,Leon Oconnell,Leon,Oconnell,1990-09-04,073,Salinas Village,Apt. 672,Johnberg,Virginia,55961,mjones@example.com,597-52-8756,"058 Daniel Gateway Suite 290
Rasmussenmouth, WY 56921",501-943-8889,FNPP360260
VSWQ250714,Neil,Ford,Neil Ford,Neil,Ford,1997-08-27,87571,Bowen Mission,Suite 140,North Melindaville,Utah,22043,zacharyarnold@example.com,574-55-7571,"226 Johnson Ridges Apt. 796
Smithborough, IL 36984",001-719-818-2553x71478,XZKN981693
LLOT249912,Cheryl,Matthews,Cheryl Matthews,Cheryl,Matthews,1979-01-17,6929,Henderson Oval,Apt. 827,Donaldmouth,New Hampshire,81688,glennstephanie@example.com,140-25-6291,"USCGC Ortiz
FPO AA 54978",001-677-421-9034x043,XZKN981693
YYPR819148,Kimberly,Cunningham,Kimberly Cunningham,Kimberly,Cunningham,1994-05-15,340,Baker Wall,Apt. 713,Port Joan,Vermont,46458,imartin@example.org,834-27-0973,"825 Roberts Grove Apt. 260
Michelleberg, UT 17893",825.836.7294,PAXR053100
YCMQ457759,Shannon,Schultz,Shannon Schultz,Shannon,Schultz,1973-07-09,74545,Ashlee Oval,Suite 001,Smithburgh,New Hampshire,60337,braunronald@example.net,136-84-4946,"54152 Randy Inlet Apt. 611
East Thomasberg, OR 30148",370.705.1627x13611,DLYR692322
MYYE218909,Michael,Evans,Michael Evans,Michael,Evans,2002-10-21,11219,Bell Meadow,Suite 234,East Angelaport,Wyoming,91003,abbottdominique@example.com,211-67-9944,"0376 John Route Apt. 805
Davidshire, MT 48396",+1-527-210-9104,CQHI738299
MQJU866618,Sandra,Fry,Sandra Fry,Sandra,Fry,2006-12-14,28569,Kyle Mews,Apt. 031,Wilsonton,Maryland,87805,davidzimmerman@example.net,012-21-8134,"USNV Jackson
FPO AE 98775",001-741-205-6481x49177,QOBR317278
LFIY191380,Victor,Bradley,Victor Bradley,Victor,Bradley,1956-06-18,86353,Moon Island,Suite 195,New Emilyton,Idaho,29754,finleycasey@example.com,887-37-5091,"53494 Steven Ramp Suite 383
North Sarah, AK 31040",+1-550-850-6413,YSWA967054
EWIC038657,Travis,Brown,Travis Brown,Travis,Brown,1982-12-04,62344,Howe Lock,Suite 574,North Sherry,Florida,77139,moorefrank@example.com,322-53-1979,"4741 Eric Spur
Margaretton, IL 43465",(413)256-8044,FNPP360260
RXRH171210,Stephanie,Bond,Stephanie Bond,Stephanie,Bond,1984-03-03,1013,Lamb Course,Suite 107,East Sandrachester,Washington,52274,rjohnson@example.com,177-46-3518,"PSC 4472, Box 0999
APO AE 85341",576-287-0146x2638,TUKO773872
LPRZ759856,Veronica,Casey,Veronica Casey,Veronica,Casey,1948-04-09,8593,Craig Shoals,Apt. 480,New Meghan,Missouri,47005,gregorywatkins@example.net,715-46-9693,"929 Mary Valleys Suite 842
Johnsonton, IN 79362",708.470.5932,FNPP360260
KBAE921851,Samantha,Richard,Samantha Richard,Samantha,Richard,1955-01-01,675,Jasmine Points,Suite 392,Parkerport,Florida,23793,rushstacy@example.com,872-99-9298,"391 Taylor Summit Apt. 355
Lake Nicole, CO 93426",+1-957-804-3315x41006,YSWA967054
PMLR617932,Tanya,Wilkerson,Tanya Wilkerson,Tanya,Wilkerson,1949-05-02,2621,Matthew Ridges,Suite 062,Mooreville,Michigan,27442,robertspencer@example.net,554-34-4613,"69872 Michael Meadow
West Madisonfort, ID 13213",9329417146,DLYR692322
URMF565270,Patricia,Baker,Patricia Baker,Patricia,Baker,1954-07-27,115,Arellano Radial,Apt. 806,Sheppardfort,Oregon,31387,zevans@example.net,036-65-9359,"PSC 9921, Box 7223
APO AE 17040",3613632945,PAXR053100
KIQO099861,Paul,Sanders,Paul Sanders,Paul,Sanders,1982-07-29,48564,Pena Ports,Suite 024,Thomasfurt,Arizona,52378,hannah07@example.com,382-03-5536,"4713 Kevin Summit Suite 546
East Scottchester, WA 64000",001-485-508-2148x62890,XZKN981693
BHBO053457,Nancy,Gonzalez,Nancy Gonzalez,Nancy,Gonzalez,1974-08-22,79855,Mary Green,Apt. 406,East Melissaborough,Iowa,85354,ericaadams@example.com,526-03-0146,"290 Johnny Valley
Jenniferview, NE 49846",(774)637-4896x910,PAXR053100
CKIU544432,Kenneth,Rodriguez,Kenneth Rodriguez,Kenneth,Rodriguez,1988-11-19,4466,Doyle Prairie,Apt. 538,Knoxstad,North Carolina,39848,marywalter@example.org,301-13-7714,"825 Jeffrey Fork Suite 655
Brendamouth, PR 15938",809.299.1738x1684,VDEI118244
GKNS725217,Monica,Hernandez,Monica Hernandez,Monica,Hernandez,1996-01-31,92712,Schultz Lodge,Suite 760,New Jamesstad,Alabama,42734,andrewsmith@example.net,255-29-5642,"8942 Madison Hills
Stephenhaven, PA 69198",262-457-5326x03323,FNPP360260
ZBMU489090,David,Dawson,David Dawson,David,Dawson,1981-07-11,7230,Fisher Courts,Suite 992,Rivasville,North Carolina,94711,campbellkristen@example.com,204-78-3273,"6420 Lozano Spurs
Riveratown, AL 88533",619-572-1811,CQHI738299
IOBD204556,Stephen,Madden,Stephen Madden,Stephen,Madden,2005-02-26,9415,White Locks,Suite 746,Marshburgh,Delaware,17869,jarvismegan@example.org,427-76-7909,"96590 Timothy Oval Apt. 670
West Dianatown, VT 89358",499.235.8891x63756,VDEI118244
QPPF175354,Alexander,Michael,Alexander Michael,Alexander,Michael,1975-07-11,9717,Stewart Parks,Apt. 166,New Andrealand,Rhode Island,81643,pamela83@example.net,688-59-5585,"75899 Moran Lakes
Wilsonbury, AL 45243",(648)585-1027x261,DLYR692322
MGOZ351609,Jacob,Conrad,Jacob Conrad,Jacob,Conrad,1980-05-17,086,Glass Tunnel,Apt. 922,South Dianemouth,North Carolina,50919,spetty@example.org,281-51-5618,"Unit 7226 Box 9848
DPO AA 93807",001-383-733-9452x2885,FNPP360260
VWNV846081,Anna,Aguilar,Anna Aguilar,Anna,Aguilar,1963-10-15,420,Harris Plains,Apt. 571,Lake Deborah,Missouri,31643,heather06@example.com,427-88-5123,"Unit 0043 Box 9735
DPO AP 72146",001-293-834-7212x2816,VDEI118244
FSIA572025,Joshua,Baker,Joshua Baker,Joshua,Baker,1949-03-30,583,Abigail Turnpike,Apt. 688,Davisbury,Indiana,87445,mark43@example.net,544-61-9197,"57399 Susan Springs
Patrickville, MS 34132",+1-240-685-8877,FNPP360260
QCDF880133,Rachel,Lee,Rachel Lee,Rachel,Lee,1975-07-15,501,Brian Underpass,Suite 819,West Rickey,New Hampshire,83104,bhamilton@example.com,690-16-8763,"901 Reilly Coves
Kristinport, PA 11839",476-660-7283x2684,TUKO773872
ZXUL088210,Erica,Sloan,Erica Sloan,Erica,Sloan,1958-07-30,536,Eugene Forges,Suite 312,Port Karenside,New Jersey,84999,robertscarlos@example.org,203-93-9513,"2314 Rachel Island Suite 759
Heatherberg, OK 74800",(756)920-5336x452,DLYR692322
JPRD291428,Steven,Howard,Steven Howard,Steven,Howard,1983-09-05,9308,Stephens Plains,Suite 256,Port Brittany,Maine,18049,fmason@example.com,373-65-0174,"272 Ashley Port
Lake Jessica, MI 05798",773.814.5303,QOBR317278
BBUK184498,Terry,Gibson,Terry Gibson,Terry,Gibson,1961-05-28,3865,Tucker Orchard,Apt. 827,East Chris,Tennessee,37307,edwardmoore@example.net,735-16-3774,"177 Clark Estates Suite 030
New Brittany, DC 83016",309.520.2428x69904,XZKN981693
PFHN929298,Shane,Haney,Shane Haney,Shane,Haney,1970-01-08,2103,Serrano Rest,Apt. 279,Port Amandaville,Colorado,63709,rachelryan@example.org,794-87-7070,"86376 Chapman Streets Apt. 624
Cannonland, LA 78920",+1-264-830-0981,TCNV998543
KNLD269448,Diamond,Watts,Diamond Watts,Diamond,Watts,1981-11-08,725,King Inlet,Suite 621,South Krista,Hawaii,13644,williamhartman@example.net,629-90-0853,"27961 Jose Land
New Benjaminfurt, MO 80974",+1-284-590-2770x3843,XZKN981693
LHUA214656,Christina,Craig,Christina Craig,Christina,Craig,1963-08-24,895,Richmond Harbor,Apt. 937,Andrewsview,Idaho,53864,hansenwesley@example.com,120-66-4223,"769 Carrillo Throughway Suite 779
South Darrenland, MS 83556",535.665.8804,XZKN981693
KCRF755394,Christopher,Nunez,Christopher Nunez,Christopher,Nunez,1959-11-18,39521,Samantha Springs,Suite 908,Port Timothymouth,New York,75804,travis84@example.com,228-97-9449,"8085 Dalton Trail Apt. 718
Stewarttown, AL 88857",669.515.5942,VDEI118244
KLFP636556,Joseph,Mullen,Joseph Mullen,Joseph,Mullen,1993-05-02,3866,Dustin Streets,Apt. 702,Porterhaven,Ohio,94946,kristen44@example.net,880-73-0782,"34717 Green Lake
Mauricechester, DE 46519",+1-893-699-8245x58771,DLYR692322
FUZK699611,Steven,Frye,Steven Frye,Steven,Frye,1988-02-25,4759,Gutierrez Ferry,Apt. 234,East Garrettville,Connecticut,08862,bkelley@example.com,537-98-1364,"64334 Sims Curve
North Austin, MI 43125",878.648.7282x9979,FNPP360260
HZCO456424,Regina,Olson,Regina Olson,Regina,Olson,1944-11-06,774,Katie Union,Suite 930,Jacobside,Nevada,52241,frankmclaughlin@example.com,849-49-3615,"389 Mitchell Summit Suite 631
East Keith, SC 60183",+1-474-397-3502x080,PAXR053100
OXAH120735,Julian,Martinez,Julian Martinez,Julian,Martinez,2001-09-08,04618,White Ville,Suite 601,South Kelsey,New Hampshire,32897,gonzalezjill@example.org,534-86-3416,"2088 Jon Route Suite 350
North Joel, NE 43035",9244916300,TCNV998543
FPCV950052,Nathan,Davis,Nathan Davis,Nathan,Davis,1999-02-06,3065,John Canyon,Suite 784,Lopezburgh,Ohio,46070,jessica49@example.net,165-09-8703,"8570 Gross Brook Suite 935
Lake Tammyfurt, ID 69191",+1-478-429-4565x11810,YSWA967054
PGDB967899,Morgan,Harris,Morgan Harris,Morgan,Harris,1988-11-27,1705,Short Underpass,Apt. 948,Lake Chadport,California,28799,garciajerry@example.com,195-25-8622,"861 Craig Squares
Andradeburgh, WY 24145",+1-768-752-8975,VDEI118244
UNXK939836,Megan,Gutierrez,Megan Gutierrez,Megan,Gutierrez,1963-08-23,082,Smith Forges,Apt. 504,North Benjamin,Minnesota,20962,josephpreston@example.org,239-33-4921,"315 Thompson Views Apt. 940
Millerton, PW 44330",(766)413-9060x480,TCNV998543
EBVX679981,Mark,Wolfe,Mark Wolfe,Mark,Wolfe,1976-08-31,086,Miller Parkway,Suite 227,South Randall,Oregon,26204,johnadams@example.com,332-88-9438,"5535 Wheeler Burg Suite 259
Hansonmouth, AZ 31104",652.211.0392,QOBR317278
JOPA538338,Matthew,Brock,Matthew Brock,Matthew,Brock,1983-12-16,804,Brian Flats,Suite 070,South Donnastad,Connecticut,03001,michelle63@example.com,521-91-1632,"PSC 7981, Box 2387
APO AP 93885",2037845762,TUKO773872
JHQI046084,Gabrielle,Kelly,Gabrielle Kelly,Gabrielle,Kelly,1990-06-03,363,Ronald Inlet,Suite 782,Lake Dillon,Ohio,90160,michelleparker@example.net,537-18-7047,"Unit 2925 Box 1881
DPO AE 42129",(505)366-4742,DLYR692322
TTIT993933,David,Johnson,David Johnson,David,Johnson,1992-09-26,526,Wells Estates,Apt. 306,West Stephaniebury,West Virginia,88494,katherinejones@example.com,888-79-8028,"66096 Long Summit Apt. 817
Wilcoxton, FM 32708",986.408.6803x47644,YSWA967054
BWQE771812,Roberto,Austin,Roberto Austin,Roberto,Austin,1956-06-16,9371,Nguyen Run,Apt. 111,Waltersland,North Dakota,93205,gacosta@example.net,164-49-9017,"9222 Kayla Center
Parkermouth, LA 82611",(912)930-9407,VDEI118244
PHGS776719,Amy,Smith,Amy Smith,Amy,Smith,1947-08-12,20502,Elizabeth Villages,Suite 510,South Victoriaburgh,Utah,37775,tammycurry@example.com,037-12-4904,"68147 David Wall Suite 586
Lake Jason, AR 14827",001-681-779-4695,XZKN981693
PQXU772934,Sara,Mendez,Sara Mendez,Sara,Mendez,1972-07-01,0558,Alex Flats,Suite 414,Williammouth,Wyoming,01304,jenningsmatthew@example.net,583-79-0478,"5770 Timothy Road
Mcclainside, MH 44424",760.784.9588x039,CQHI738299
AKMU829962,Carl,Hernandez,Carl Hernandez,Carl,Hernandez,1978-02-09,57438,Thompson Landing,Apt. 317,Port Timothyhaven,Georgia,25432,sandra84@example.com,147-99-1610,"07681 Larry Cape
West Steventon, CT 68734",001-340-694-3533x44857,VDEI118244
ATRQ138585,Edward,Hill,Edward Hill,Edward,Hill,1986-01-06,8702,Thomas Spring,Apt. 160,South Philipshire,South Dakota,90957,tjensen@example.com,838-26-8741,"217 Stanley Spur Suite 733
Port Paula, KS 48139",(425)657-7017x1577,CQHI738299
EQDM158148,Katrina,Munoz,Katrina Munoz,Katrina,Munoz,1955-02-08,6153,Mueller Mews,Suite 832,Lake Sarahshire,New York,15485,gnguyen@example.com,181-40-6649,"965 Newman Circle
East Lisashire, MH 99458",+1-702-627-8469x9733,XZKN981693
JNWL190986,Ashley,Gentry,Ashley Gentry,Ashley,Gentry,2000-02-19,1403,Park Lock,Suite 666,Gardnerburgh,New Mexico,18729,angelabridges@example.com,861-54-2528,"01027 Proctor Dale
East Dawnchester, VI 60273",001-596-492-7868x765,TUKO773872
PXHW846895,Roger,Smith,Roger Smith,Roger,Smith,1991-04-10,28478,Alexandra Ridge,Apt. 371,Chloemouth,Ohio,01914,egibson@example.net,752-43-6898,"2094 Brown Mountains Apt. 904
West Toddberg, NY 10575",442-994-4401x929,DLYR692322
ZWHP280512,Mitchell,Thompson,Mitchell Thompson,Mitchell,Thompson,1958-08-19,504,Brian Mountain,Suite 747,South Frances,Missouri,62706,dustin60@example.com,817-58-6259,"85694 Nelson Unions
West Destinyfurt, NH 89012",001-839-338-5258x0010,FNPP360260
LHXJ430091,Alicia,Jennings,Alicia Jennings,Alicia,Jennings,1953-02-14,9212,Phillips Shore,Apt. 746,Jonathanland,Louisiana,08678,dprice@example.com,833-34-2916,"96271 Amber Meadows Apt. 917
Dakotaland, CA 75388",001-247-907-2006x4256,VDEI118244
XYZZ183067,Timothy,Powell,Timothy Powell,Timothy,Powell,1987-04-24,158,Miller Mount,Suite 328,South Donnaport,Vermont,51632,mccoymichael@example.org,648-57-3105,"93761 Porter Village
Levytown, AZ 44971",4505613878,PAXR053100
EPUA790320,Sandy,Johnson,Sandy Johnson,Sandy,Johnson,1948-08-20,17993,Linda Meadow,Suite 651,West Mary,Indiana,06476,matthewmartinez@example.org,776-54-2754,"3902 Kylie Roads
Stricklandtown, FM 64328",400-521-9467,XZKN981693
ONHF909279,Douglas,Nelson,Douglas Nelson,Douglas,Nelson,1952-04-12,195,Steven Road,Apt. 403,Port Edwardfort,New York,23612,elizabethwilliams@example.net,373-37-3434,"701 Sara Fall Apt. 078
North Pattymouth, OR 76491",363-953-1531x36363,VDEI118244
NEGT726527,Brenda,Brown,Brenda Brown,Brenda,Brown,1948-05-05,2177,Jackson Junctions,Apt. 492,New Tara,Iowa,11835,fvincent@example.org,606-61-7582,"335 Riley Ramp Apt. 906
North Vickiehaven, AZ 56298",667.517.7318x06325,QOBR317278
PVJF799077,Deborah,Davis,Deborah Davis,Deborah,Davis,2005-01-30,580,Simmons Groves,Apt. 195,New Sierrastad,Arkansas,15045,ndiaz@example.org,375-47-2872,"325 Amber Run
Mclaughlinshire, VI 92624",335.754.8640,TUKO773872
QDPW884795,Michael,Tucker,Michael Tucker,Michael,Tucker,1949-07-09,24127,Nancy Pike,Apt. 468,South Michael,New Hampshire,97194,carterbryan@example.org,855-67-5504,"579 Ellis Port Apt. 424
South Nathan, LA 06703",(454)472-9284,QOBR317278
VZEF310592,Mary,Schwartz,Mary Schwartz,Mary,Schwartz,1967-09-07,57828,Martinez Burg,Suite 727,Ericside,North Carolina,43922,thomas49@example.net,151-73-7244,"702 Kyle Locks
South Michael, MD 07714",+1-839-583-4301x871,TCNV998543
QBVL626565,Tracy,Morrison,Tracy Morrison,Tracy,Morrison,1958-12-18,767,Martin Stream,Suite 629,East Jaredfort,North Dakota,44464,fitzpatrickbrittany@example.com,091-01-6709,"2879 James Village Suite 487
Port Margaretshire, ME 65263",+1-373-600-2447,DLYR692322
WUHA147195,Robert,Vasquez,Robert Vasquez,Robert,Vasquez,1979-02-28,904,Bonnie Drive,Suite 725,North Joseph,Nebraska,83895,brandon48@example.net,079-66-3176,"92855 Nelson Square
Codyshire, MI 19338",3285457652,TCNV998543
GZRT888167,Eric,Walker,Eric Walker,Eric,Walker,1953-09-29,9852,Johnson Via,Apt. 322,West David,Florida,10803,yvazquez@example.org,080-03-7935,"10890 Wilson Glen
North Kevintown, WV 13149",493-693-2501,VDEI118244
FQYX938911,Stacy,Bailey,Stacy Bailey,Stacy,Bailey,1944-07-30,138,Richardson Radial,Apt. 712,Tinachester,Indiana,67904,rickjuarez@example.com,127-60-1808,"4801 Snyder Lights Suite 794
Perezchester, LA 56594",917.352.0716,YSWA967054
WSDX215353,David,Foster,David Foster,David,Foster,1984-09-06,6579,Archer Pass,Suite 271,West Tracybury,South Dakota,18144,garciabrian@example.org,511-87-0439,"Unit 6952 Box 4991
DPO AE 87150",001-287-273-4778x48588,YSWA967054
DMOK677002,Vicki,Beard,Vicki Beard,Vicki,Beard,1977-06-15,97889,Alvarez Walk,Apt. 806,Troyfurt,South Carolina,89169,katie45@example.org,029-76-0740,"9056 Ronnie Knolls Suite 503
East Deborah, OR 11634",001-814-615-2085x076,DLYR692322
AKMS659171,Andrew,Harrison,Andrew Harrison,Andrew,Harrison,1969-01-03,3718,Karl Causeway,Suite 963,Lake Meganville,Pennsylvania,44651,carlos87@example.com,215-45-1257,"468 Gonzalez Locks Suite 987
North Courtney, NC 24951",001-273-574-8969,PAXR053100
EXVY466513,Michael,Hernandez,Michael Hernandez,Michael,Hernandez,1960-07-06,23034,Washington Mews,Suite 032,Derekview,Louisiana,86834,dawnwilliams@example.net,498-03-0907,"9416 Powers Course
Hahnberg, IA 15172",001-581-389-8471,TUKO773872
SXMZ363212,Kerri,Edwards,Kerri Edwards,Kerri,Edwards,1980-08-02,1586,Vega Harbors,Apt. 575,Andrewton,West Virginia,87299,vazquezkristina@example.org,260-71-6303,"183 Price Lock Suite 413
Jasonburgh, PW 58021",+1-656-304-1776x5612,PAXR053100
RXKO002720,Michael,Guzman,Michael Guzman,Michael,Guzman,1961-04-08,296,Hayes Well,Apt. 429,Laurenborough,Colorado,54829,hunter69@example.org,022-03-9151,"73420 Williamson Rapid
Edwardstad, GA 74850",508-667-7133,TUKO773872
ENGT343626,Keith,Snyder,Keith Snyder,Keith,Snyder,1969-06-09,710,Anderson Islands,Suite 366,Charlesside,Arkansas,07331,sarah75@example.net,687-77-0746,"6528 Beverly Green Apt. 875
Andersonmouth, VT 70024",(624)715-0274x56449,XZKN981693
XPYE870320,Ryan,Martin,Ryan Martin,Ryan,Martin,1952-03-06,0758,Ellis Creek,Apt. 151,Port Justin,Hawaii,98796,anna93@example.net,005-68-9352,"71504 Phillip Ramp
Port Marcustown, CO 60824",001-477-549-0509x759,VDEI118244
JKZB189616,Michelle,Solis,Michelle Solis,Michelle,Solis,1970-09-21,4214,Owen Street,Suite 925,Port Michaelborough,New York,58886,kalvarez@example.net,434-12-6923,"6108 Mcpherson Springs
Lake Gina, FL 65423",881.647.6174x22438,TCNV998543
BQDQ661794,Ashley,Arnold,Ashley Arnold,Ashley,Arnold,1956-07-02,60164,Matthews Motorway,Suite 945,East Jacob,West Virginia,79675,monica16@example.net,019-01-6471,"776 Turner Via
Hannahfurt, AS 40170",522-903-1030,YSWA967054
NUZR314727,Deborah,Santos,Deborah Santos,Deborah,Santos,1945-08-14,9334,Williams Branch,Apt. 667,Benjaminfurt,New York,67787,dhall@example.net,020-55-9444,"6717 West Mews
East Keithborough, NJ 45569",738.939.5972x466,QOBR317278
TGJW172232,Lauren,Richard,Lauren Richard,Lauren,Richard,1982-03-06,05452,Maria Parkway,Apt. 156,New Jeremyside,Iowa,64249,victoria50@example.net,274-20-8445,"077 Theresa Tunnel
Port Annahaven, CT 22396",+1-413-352-4787x1255,FNPP360260
NYYA375482,Melinda,Gonzales,Melinda Gonzales,Melinda,Gonzales,1972-12-24,26667,Acevedo Mills,Apt. 081,West Leroyburgh,Nevada,08557,qmalone@example.net,155-74-0948,"Unit 8466 Box 8455
DPO AE 37172",392.267.3899x75634,CQHI738299
XXEQ843188,Amanda,Price,Amanda Price,Amanda,Price,1961-11-20,46810,Green Parkways,Suite 101,Evanstown,New Jersey,44931,lindazhang@example.net,732-81-8738,"4492 Stone Gateway
West Zacharyborough, GU 47853",912.366.1106x273,FNPP360260
SRQY649767,Mike,Fox,Mike Fox,Mike,Fox,1953-02-01,881,Stanley Bypass,Apt. 851,Rodriguezstad,Oregon,38458,millsdavid@example.com,384-39-4817,"96044 Isaac Streets
Smithside, MI 09356",9674949756,TCNV998543
OYOV725199,Kathleen,Wagner,Kathleen Wagner,Kathleen,Wagner,1994-05-13,1209,Hoffman Crossing,Apt. 398,New Aimeefort,North Carolina,02947,barrettamanda@example.org,282-27-4019,"89569 Travis Brooks Suite 626
Port Allisonfurt, KS 12431",418-624-2241,TCNV998543
BTKF004615,Stephanie,Gregory,Stephanie Gregory,Stephanie,Gregory,1960-08-03,937,Avery Grove,Apt. 578,Jonestown,Nebraska,83540,robinsmith@example.net,601-87-1664,"9671 Krista Divide
Amberburgh, WY 32634",+1-468-270-0794,TUKO773872
ITIV653984,Brian,Weeks,Brian Weeks,Brian,Weeks,1991-10-24,28463,Henson Junctions,Suite 743,Matthewmouth,Rhode Island,43552,sloandennis@example.org,624-61-0071,"PSC 2687, Box 6811
APO AP 04557",+1-971-256-9562x01753,PAXR053100
IVWL319433,Jeffrey,Smith,Jeffrey Smith,Jeffrey,Smith,1957-08-17,614,Jackson Fields,Apt. 192,East Jordanshire,Iowa,69062,james08@example.net,259-88-9177,"0566 Martinez Path
Simpsonhaven, WV 06198",001-230-546-8750x6351,FNPP360260
CHGF541107,Tiffany,Coleman,Tiffany Coleman,Tiffany,Coleman,1960-07-03,0583,Kimberly River,Suite 179,North Territon,Missouri,41563,pattonbryan@example.com,057-39-7076,"046 Davis Terrace
Halltown, NH 50822",369.391.5078x593,TUKO773872
SZGS284567,Alexander,Reeves,Alexander Reeves,Alexander,Reeves,1965-06-29,685,Silva Plains,Apt. 274,Kellytown,North Dakota,77366,brianhunter@example.net,880-07-6916,"315 Elizabeth Square
Greenemouth, PR 76314",001-259-946-5217,TUKO773872
HWHO933756,Jeffrey,Smith,Jeffrey Smith,Jeffrey,Smith,1946-04-30,124,Lee Prairie,Suite 003,West Grant,Kentucky,94720,matthewspencer@example.org,201-03-2885,"26153 Bryant Land
Donnahaven, AS 82185",(211)522-3386x55963,PAXR053100
EKHB428973,Melissa,Phillips,Melissa Phillips,Melissa,Phillips,1969-10-02,8725,Fox Orchard,Suite 749,Littleshire,Tennessee,05298,jeffreyharris@example.org,406-28-5014,"254 Dennis Corner Suite 785
New Blake, NY 81913",567-676-6575x46027,QOBR317278
CJQQ814311,Deanna,Howard,Deanna Howard,Deanna,Howard,1961-04-19,4392,Smith Hills,Suite 566,South Destinyberg,Montana,30330,jenniferclark@example.org,529-76-9055,"1536 Clark Mission Apt. 529
West Sherry, AL 66010",+1-455-436-6684x59090,YSWA967054
SUZT996636,Tiffany,Gamble,Tiffany Gamble,Tiffany,Gamble,1975-01-04,412,Emily Fall,Apt. 970,East Chad,Missouri,37701,jessekeller@example.org,466-08-6040,"6621 Amanda Neck
South Stephanieborough, DC 27459",267-429-9493x8743,DLYR692322
TZHQ597779,Sean,Summers,Sean Summers,Sean,Summers,2000-04-26,63296,Cruz Shoals,Apt. 916,East Nicoleburgh,Louisiana,82825,elizabeth13@example.com,422-98-9058,"18567 Johnny Parkways Apt. 701
Jamesfurt, PR 25981",(500)941-2577x7118,YSWA967054
FFAT124186,Donald,Hoover,Donald Hoover,Donald,Hoover,1959-01-11,083,Horton Villages,Apt. 647,New Adamfurt,Wyoming,26943,nicholasallen@example.org,017-54-0458,"Unit 5313 Box 1220
DPO AA 67675",855-383-9386,CQHI738299
KFAM506373,Jesse,Rodriguez,Jesse Rodriguez,Jesse,Rodriguez,1964-10-20,718,Johnathan Court,Suite 625,Lake Kathleen,Vermont,42177,bjones@example.net,600-58-6265,"903 Christina Crossing
Joelchester, WV 32423",+1-510-925-7432x630,FNPP360260
IKUZ086403,Jocelyn,Murphy,Jocelyn Murphy,Jocelyn,Murphy,1985-08-30,8527,Calvin Overpass,Apt. 302,East Christopher,Pennsylvania,72439,joelmiller@example.net,479-40-2690,"2934 Ray Roads
West Michelle, NJ 10988",(266)827-7689x627,YSWA967054
JTRE824674,Ronald,Miller,Ronald Miller,Ronald,Miller,1953-08-01,732,Adam Wall,Suite 766,Wallerstad,Missouri,64667,danielle91@example.com,040-16-6305,"USNS Lee
FPO AA 33958",001-458-675-0663x37050,DLYR692322
EIHT920116,Catherine,Blackburn,Catherine Blackburn,Catherine,Blackburn,1961-06-29,488,Willis Street,Suite 119,Lisaview,West Virginia,27963,ahale@example.org,836-63-0026,"646 Gregory Ferry Apt. 372
South Ashleyborough, HI 26838",3236467912,XZKN981693
CKAS377100,Christopher,Martinez,Christopher Martinez,Christopher,Martinez,1969-11-06,847,Sherman Rapids,Suite 555,Lisastad,Texas,52729,wbishop@example.com,826-13-0051,"209 Misty Harbors Apt. 579
Robertsonborough, AL 84134",905-305-7397x69156,FNPP360260
GWEQ980271,Jessica,Carter,Jessica Carter,Jessica,Carter,1960-09-04,32116,Ethan Islands,Suite 434,Lynnville,Texas,18294,sdavis@example.com,893-29-9437,"566 Stokes Fork
Darrellland, DE 12184",593-819-5256x90409,DLYR692322
LZVZ289931,Tina,Flores,Tina Flores,Tina,Flores,1978-04-19,729,Thomas Shores,Apt. 954,West Wendyshire,New Mexico,83217,troypadilla@example.com,061-43-2502,"302 Luna Hills
North Amy, MA 55870",+1-775-266-1844x38612,TUKO773872
OUFS277423,Melissa,Mckinney,Melissa Mckinney,Melissa,Mckinney,1973-05-07,201,Mccann Fall,Apt. 185,Bookerfurt,Kansas,04956,allentracy@example.net,611-23-6151,"6475 David Corner
South Darlenehaven, IN 03519",001-999-874-1926,TCNV998543
KCWZ826068,Kenneth,Martinez,Kenneth Martinez,Kenneth,Martinez,1995-07-24,12920,Mcbride Crossing,Apt. 293,North Anna,Wisconsin,05089,whitneywilliam@example.com,558-22-6932,"Unit 0340 Box 8487
DPO AE 76138",458.659.8831x0303,QOBR317278
ETRG954296,Melissa,Lewis,Melissa Lewis,Melissa,Lewis,1949-12-13,6283,Crystal Grove,Apt. 598,South Lorraine,Massachusetts,57337,mjohnson@example.org,080-35-2042,"51554 Misty Fork Suite 016
South Stephanie, WY 16688",(684)697-1859,CQHI738299
FKYM258896,Catherine,Mosley,Catherine Mosley,Catherine,Mosley,1953-12-29,9405,Erika Manor,Suite 275,Shawview,Nevada,68736,kevinhodge@example.com,417-99-5124,"31290 Julia Plaza
Stokestown, NE 89241",727.578.8160x93068,DLYR692322
QVTB972832,Virginia,Guerrero,Virginia Guerrero,Virginia,Guerrero,1970-01-30,51538,Kelly Orchard,Suite 430,Robinsonport,Tennessee,68072,wallspatricia@example.com,059-46-0097,"5105 Richard Branch Apt. 673
New Willieberg, MT 16733",602.343.7654x5628,YSWA967054
OFEL605313,Veronica,Douglas,Veronica Douglas,Veronica,Douglas,1989-08-14,74167,Marsh Station,Apt. 568,Andersonville,Alaska,17032,mauricesmith@example.net,243-07-5606,"7447 Kathleen Gateway
Lake William, IA 37350",001-514-336-3718x92392,TCNV998543
GENA931066,David,Johnson,David Johnson,David,Johnson,1978-12-24,0414,Ramirez Keys,Suite 350,North Aaron,Texas,98117,jason74@example.net,104-56-3029,"5411 Felicia Trail Apt. 555
Johnview, IL 77089",(711)629-1093x3711,YSWA967054
GRXE023684,Jessica,Mayo,Jessica Mayo,Jessica,Mayo,1972-10-18,802,Horton Curve,Suite 090,Lake Lisa,New York,90245,martinkaren@example.com,576-50-6568,"02939 Natasha Turnpike
Gordonhaven, KS 40269",544.681.2308,FNPP360260
IEIZ033810,Benjamin,Hernandez,Benjamin Hernandez,Benjamin,Hernandez,1972-01-27,450,Madison Forges,Suite 240,Lake Juliefurt,Tennessee,34231,lisawalker@example.com,209-75-6480,"652 Davis Falls
Lopezburgh, ID 75167",824.504.2269x3121,DLYR692322
MDXQ209166,Spencer,Brewer,Spencer Brewer,Spencer,Brewer,1953-12-28,900,Amy Viaduct,Suite 132,Malonemouth,Hawaii,40790,timothy30@example.net,709-35-8907,"84186 Aaron Fork
East Ronaldberg, MI 86400",736-317-2131x4519,YSWA967054
CBTE268592,Michael,Middleton,Michael Middleton,Michael,Middleton,2006-08-20,5410,Kimberly Drive,Suite 267,Briggsville,Oregon,56528,duane52@example.org,786-50-5778,"6952 Patrick Plaza Suite 887
South Christopher, VT 55792",293.713.5030x58721,PAXR053100
YEJO286333,Michael,Atkinson,Michael Atkinson,Michael,Atkinson,1947-12-19,191,Monroe Ways,Apt. 025,North John,Alabama,75104,lhernandez@example.com,762-18-8642,"6570 Rodriguez Circle Apt. 928
North Randy, NE 89617",884.498.4362x418,VDEI118244
BHMF891775,Julia,Morales,Julia Morales,Julia,Morales,1951-08-30,15950,Julian Plains,Apt. 139,Port Reneeborough,Oklahoma,26941,allenchristopher@example.net,579-06-9237,"Unit 7005 Box 1405
DPO AA 52685",835.965.2156x81820,TCNV998543
JFEV711332,Brenda,Christian,Brenda Christian,Brenda,Christian,1967-05-10,5960,Allen Ridge,Apt. 297,Port Alexisport,Oklahoma,11926,udavis@example.org,303-21-1117,"1127 Andersen Glens Suite 219
Williamsport, MO 54113",+1-627-258-9551x687,XZKN981693
XZHW802146,Christine,Schneider,Christine Schneider,Christine,Schneider,1968-01-11,7871,Henry Coves,Suite 636,Calebmouth,Rhode Island,64240,jacquelinealvarez@example.com,466-05-8931,"35909 Brown Valley Suite 673
East Mirandachester, KY 33540",+1-621-421-4614x7683,TCNV998543
NKYJ235677,Maria,Davis,Maria Davis,Maria,Davis,1997-07-28,319,Mario View,Suite 027,South Michelle,Delaware,88836,ubaker@example.org,462-17-7362,"33682 Robinson Fords
Lake Barbara, AL 49031",(804)748-1776x655,YSWA967054
NLFR928664,Daniel,Thompson,Daniel Thompson,Daniel,Thompson,1986-03-22,1798,Cynthia Parkway,Apt. 463,Port Shawn,Missouri,15508,melissasampson@example.com,813-60-6766,"PSC 6053, Box 8444
APO AA 54858",+1-830-560-0025x89552,YSWA967054
TUMB962626,Angela,Myers,Angela Myers,Angela,Myers,1952-05-04,964,Stacy Ford,Apt. 106,Lake Kaylaberg,Alaska,81516,armstronganthony@example.net,134-59-5868,"3836 Hopkins Harbor
East Courtneyshire, VI 14056",379-311-2442,CQHI738299
GMDP061713,Troy,Ward,Troy Ward,Troy,Ward,2005-10-11,99015,Webb Ridges,Apt. 284,East Catherineside,Alaska,68395,javierdiaz@example.org,031-42-2271,"4731 Erickson Run
Stuartfort, NE 67695",(934)823-4619x9423,PAXR053100
XIKT196639,Nicole,Henderson,Nicole Henderson,Nicole,Henderson,1984-03-21,4985,Johnson Falls,Suite 625,North Jason,Mississippi,49255,kimberlymartinez@example.com,705-02-5389,"81649 Alison Cove Suite 919
Flemingchester, MD 42459",330.977.0461,XZKN981693
MHSA409074,George,Murphy,George Murphy,George,Murphy,1949-01-04,1644,Molina Locks,Apt. 857,South Kennethmouth,New York,84530,cameronsharon@example.org,030-29-0784,"56321 Jennifer Valleys
Lisaside, AL 90710",8406104145,QOBR317278
SODE529671,Holly,Buckley,Holly Buckley,Holly,Buckley,1996-11-11,731,Miranda Station,Apt. 583,Lake Christian,New York,08400,alexanderrobinson@example.com,193-63-1713,"7281 Jeffery Lakes Suite 798
Port Ricardo, CA 36917",(224)991-2711x30724,CQHI738299
IDRC563268,Dorothy,Chavez,Dorothy Chavez,Dorothy,Chavez,1947-08-18,663,Lopez Fall,Suite 897,Rodriguezton,Tennessee,33130,robinsonbrian@example.org,590-35-3912,"3966 Garcia Street
Tylerburgh, WY 27184",(449)740-1289x743,FNPP360260
KOEA765024,Erin,Jackson,Erin Jackson,Erin,Jackson,1977-07-06,71009,Conley Pine,Apt. 211,Lindamouth,New Hampshire,64813,veronica47@example.com,374-59-0223,"589 Rodriguez Spur Apt. 263
West Tyler, IA 76206",001-665-731-3614x8782,XZKN981693
NIJG098591,Pamela,Myers,Pamela Myers,Pamela,Myers,1990-12-07,72849,Kevin Heights,Apt. 407,East Justinshire,Delaware,07473,btorres@example.com,677-01-0818,"8821 Thomas Street Apt. 691
Jefferyfort, MI 33102",+1-466-561-4494x29659,DLYR692322
GJJC497826,John,Butler,John Butler,John,Butler,1976-02-27,6766,Johnson Points,Apt. 612,Kristinshire,North Carolina,49405,christineyoder@example.com,055-97-6434,"8701 Joseph Run
West Brookeport, OK 63607",001-450-519-8038x287,VDEI118244
EJUJ079311,Patty,Bowman,Patty Bowman,Patty,Bowman,1951-05-03,0876,Sara Hills,Suite 723,Lorrainemouth,Texas,81393,reynoldsdaisy@example.org,146-96-3944,"7441 Richardson Harbor
Cruzville, NH 55144",(220)747-1960x94097,CQHI738299
XOIA258835,Sydney,Mcdonald,Sydney Mcdonald,Sydney,Mcdonald,1967-05-17,2446,Sabrina Rue,Suite 679,New Jeanette,North Carolina,86865,david59@example.net,357-75-6616,"231 Victor Springs
Morrisbury, WI 96530",312.266.1094,VDEI118244
YLTU025176,Melanie,Jones,Melanie Jones,Melanie,Jones,1990-06-24,3326,Christopher Burg,Apt. 302,West Kimshire,Ohio,09933,jacob87@example.org,853-27-9345,"9821 Patterson Lane Apt. 912
Craigfort, IN 07248",+1-385-503-4465x124,PAXR053100
QJMT081974,Melissa,Frederick,Melissa Frederick,Melissa,Frederick,1953-10-06,85037,Linda Port,Apt. 516,New Timothyberg,Louisiana,95309,garciatyler@example.org,667-45-7070,"00389 Fleming Street
New Timothyfurt, WI 49945",001-526-768-2171x955,FNPP360260
HCSA368900,Samuel,Brown,Samuel Brown,Samuel,Brown,1947-04-05,5934,Catherine Neck,Apt. 114,South Janet,Minnesota,29374,xmarquez@example.net,300-84-4002,"8810 Mccullough Squares Suite 413
Port Theresa, IN 40469",001-283-615-2037x7107,FNPP360260
CBIT670667,Joshua,Cruz,Joshua Cruz,Joshua,Cruz,1989-03-23,0850,Livingston Greens,Apt. 059,Glennton,Connecticut,73022,rfarley@example.com,880-69-7595,"67320 Marsh Harbor Apt. 384
Ashleyton, RI 36450",(944)290-1495x427,QOBR317278
LPUR360914,Scott,Owens,Scott Owens,Scott,Owens,1961-12-11,2322,Jesse Shoal,Apt. 287,Bobbybury,Arkansas,94158,theresa05@example.net,736-06-9840,"87181 James Ports
Mariachester, CA 84634",(442)705-9556x57490,FNPP360260
SADT358895,Bradley,Conrad,Bradley Conrad,Bradley,Conrad,1959-07-26,898,Ryan Crossing,Apt. 978,Stewartborough,Oregon,38913,marklloyd@example.com,237-59-5158,"376 Miller Points
West Denisebury, NV 55400",692.683.6929,YSWA967054
NNQE973270,Matthew,Wilson,Matthew Wilson,Matthew,Wilson,2003-06-14,60212,Strong Knoll,Apt. 683,Davidmouth,Pennsylvania,80292,mcknightbrandon@example.net,364-58-6700,"7229 Edwin Avenue Suite 765
Thompsonshire, KY 13201",847.650.9889,TCNV998543
FEBX368499,Marcus,Flores,Marcus Flores,Marcus,Flores,1977-05-26,3244,Sandra Shores,Suite 213,North Carmen,Arizona,71257,adamwall@example.org,379-27-4618,"USCGC Dennis
FPO AP 17039",741.317.6741x241,TCNV998543
CKFQ547815,Julie,Walker,Julie Walker,Julie,Walker,1987-06-18,032,Wiggins Forges,Apt. 472,Cervantesfort,Maine,17775,cynthiadavis@example.net,878-93-3510,"8932 Robert Greens
Welchbury, SC 46206",682.343.4776x9587,QOBR317278
YYJN753612,Jeffery,Mccarty,Jeffery Mccarty,Jeffery,Mccarty,1985-03-09,3044,Pamela Tunnel,Suite 085,Emilychester,Montana,58428,dross@example.com,498-94-3588,"7639 Amanda Tunnel
New Cherylberg, PA 71249",5067155810,YSWA967054
RMWH425563,Amanda,Galloway,Amanda Galloway,Amanda,Galloway,1971-05-13,0244,Jerry Trail,Apt. 041,Riosberg,West Virginia,35890,joneswilliam@example.net,781-94-6806,"96394 Coleman Summit
West Joshuaborough, CT 35139",+1-597-864-6136x8474,TCNV998543
MLYR173906,Andre,Crawford,Andre Crawford,Andre,Crawford,1954-01-25,118,Jared Overpass,Apt. 126,Millsshire,Wisconsin,30966,saundersjohnathan@example.com,759-44-2468,"43878 Edwards Run Apt. 577
North Ronaldland, MS 17184",001-902-481-2371x06728,DLYR692322
MAJD644859,Kaitlyn,Payne,Kaitlyn Payne,Kaitlyn,Payne,1992-11-26,8947,Clark Isle,Apt. 287,West Robertberg,New Mexico,09289,collinsjacob@example.net,097-69-7514,"792 Michael Points
West Courtney, ID 36490",469-345-9648x8319,YSWA967054
ISDE896599,Jessica,Ramirez,Jessica Ramirez,Jessica,Ramirez,1959-01-05,92227,Marcus Center,Apt. 876,Murphyhaven,Wisconsin,15875,annbennett@example.com,724-61-5817,"193 Sonia Village Suite 268
Henryview, TX 16261",+1-565-520-5756,PAXR053100
XAGO583094,Patrick,White,Patrick White,Patrick,White,1946-07-26,476,Wendy Squares,Suite 409,Port Jenniferfort,Rhode Island,83369,ehenry@example.net,896-83-8939,"0922 Christopher Village
North Scottton, MD 13277",+1-743-290-5529,TUKO773872
VVBC382412,Shelia,Powell,Shelia Powell,Shelia,Powell,1987-07-08,044,Wilson Mountain,Apt. 971,North Ianland,Idaho,42116,wangkristina@example.org,654-48-7543,"3240 Mccarthy Fall
Donaldmouth, MT 30118",943.724.4741,VDEI118244
UQOU209628,Beth,Bailey,Beth Bailey,Beth,Bailey,1981-10-27,418,Jonathan Mountain,Suite 018,South Donald,Pennsylvania,42836,anne90@example.com,719-14-5880,"67551 Robin Inlet
South Amy, WV 03351",797.999.6673x459,YSWA967054
HYQD664969,Erika,Evans,Erika Evans,Erika,Evans,1982-12-08,25014,Laurie Mount,Suite 270,East Nicole,Maryland,40809,lopezmichaela@example.com,093-93-4010,"72517 Hale Mountains Suite 731
Andersonberg, MO 43376",569-768-1579x0392,VDEI118244
ATTY613273,Michael,Mason,Michael Mason,Michael,Mason,1973-04-03,44670,Mullen Manor,Apt. 268,South Lindastad,Utah,96533,riosrichard@example.org,165-41-2110,"707 Henderson Center Suite 641
Shawfort, VT 44418",+1-251-726-8612,DLYR692322
IGQT760740,Stacy,Zimmerman,Stacy Zimmerman,Stacy,Zimmerman,1973-04-02,4084,Kelly Mall,Apt. 754,New Danielton,Ohio,97321,fwright@example.net,097-17-2370,"5793 Williams Islands Suite 029
South Williamland, MA 83959",001-646-560-2416x1394,TUKO773872
SPGY642480,Heather,Williams,Heather Williams,Heather,Williams,1945-07-23,2447,Davis Fork,Apt. 531,Jessicamouth,Pennsylvania,55651,amber78@example.org,352-44-5238,"77382 Scott Bypass Apt. 785
East Juliehaven, MN 40351",857-270-2992x9596,XZKN981693
XPHM826911,Karen,Campbell,Karen Campbell,Karen,Campbell,1996-06-20,686,Potter Manor,Suite 551,Wayneside,Montana,30005,dsimpson@example.com,846-58-2572,"PSC 2640, Box 8572
APO AP 13388",(396)866-3093x2998,QOBR317278
HFSU715096,Sonia,Nguyen,Sonia Nguyen,Sonia,Nguyen,1976-05-31,352,Brown Burgs,Apt. 977,Lake Carrie,Kansas,23684,hporter@example.net,858-43-2610,"06876 Krista Green
Lake Kimberlyside, VT 03610",370.446.0568x761,YSWA967054
SYZD256523,Melanie,Chang,Melanie Chang,Melanie,Chang,1995-06-29,45475,Lyons Port,Suite 902,New Keith,Iowa,49109,jennifer42@example.net,650-40-7788,"22946 Walsh Burgs Apt. 942
West Michaelhaven, WA 68241",(479)925-2985x8567,QOBR317278
AVCK343324,Gregory,Prince,Gregory Prince,Gregory,Prince,2001-06-11,833,Beck Locks,Apt. 581,Angelaside,West Virginia,70982,wallerbrian@example.net,536-32-4010,"337 Billy Rest
Andrealand, WA 25406",001-312-284-0333x9977,FNPP360260
GPDO173189,Luis,Walters,Luis Walters,Luis,Walters,2002-11-19,73997,Johnathan Lodge,Suite 725,Palmerport,Kentucky,70256,matthewbyrd@example.net,317-81-7210,"0587 Martin Circles
Chambersville, VI 58591",682-531-3348x45871,VDEI118244
FGYM229258,Ashley,Moore,Ashley Moore,Ashley,Moore,1969-07-08,45557,Coleman Lock,Suite 060,Gomezberg,New Jersey,36441,cardenasjames@example.net,734-33-4830,"6658 Lauren River
Gatesville, CA 32369",(657)897-0673,VDEI118244
KIRL741721,Brian,Brown,Brian Brown,Brian,Brown,1982-07-08,73598,Hawkins Viaduct,Suite 021,Susanstad,Wyoming,58938,jackmcdonald@example.com,371-43-3261,"9021 Simmons Valley Suite 080
Allenchester, AZ 66589",387-949-5119x18182,FNPP360260
YCYV647725,Chelsea,Kaiser,Chelsea Kaiser,Chelsea,Kaiser,1971-08-09,409,Smith Fork,Suite 624,New Emily,Massachusetts,70279,mvaldez@example.net,364-92-9452,"42108 Kimberly Plains
Stephaniemouth, VI 41832",733.242.6433,XZKN981693
ODMA736077,Derrick,Nolan,Derrick Nolan,Derrick,Nolan,1978-10-07,812,David Overpass,Suite 563,North Lauren,Mississippi,63150,william70@example.org,390-54-6559,"USS Gomez
FPO AA 09060",(243)416-7045x02329,CQHI738299
PYBB934596,April,Taylor,April Taylor,April,Taylor,2004-02-08,20734,Garrett Ville,Suite 950,West Anthonyfort,Arizona,96832,robinwilliams@example.com,781-77-8605,"53161 Tanya Mountain
Chaseside, NV 18117",+1-904-977-4258x591,PAXR053100
GEHQ223116,Kaitlyn,Christian,Kaitlyn Christian,Kaitlyn,Christian,1966-08-25,798,Wolf Curve,Suite 652,Lake Rebeccafurt,South Dakota,06794,tiffanysmith@example.net,035-31-2653,"775 Courtney Viaduct
Hayesborough, NH 81937",987-314-8552x457,YSWA967054
QICZ560821,Elizabeth,Peterson,Elizabeth Peterson,Elizabeth,Peterson,1965-03-06,6818,Raymond Pass,Apt. 230,Lake Julie,North Dakota,79266,annaschmidt@example.org,820-69-5942,"2129 Megan Terrace
New Sheri, RI 56077",940.764.6867,VDEI118244
ACIW843991,Derek,Hurley,Derek Hurley,Derek,Hurley,1997-10-16,66933,Jones Harbor,Apt. 619,East Scott,Utah,36607,alex18@example.com,537-14-9805,"1897 Chad Throughway Suite 406
Danielmouth, NE 77175",(774)538-1199,PAXR053100
WNNB144485,Molly,Ortega,Molly Ortega,Molly,Ortega,1984-02-23,3964,Wendy Views,Suite 899,Obrienfurt,Arizona,79362,garzalaura@example.org,590-13-1925,"Unit 3599 Box 6605
DPO AP 58204",398.606.6039x205,VDEI118244
XOIL553470,Samantha,Pham,Samantha Pham,Samantha,Pham,1994-09-09,5271,Bell Plain,Apt. 541,Lake Richardfort,South Dakota,24905,tharris@example.com,360-44-7173,"PSC 2250, Box 1394
APO AP 92281",+1-884-688-2691x3119,CQHI738299
LMEM149915,Dustin,Peterson,Dustin Peterson,Dustin,Peterson,1977-12-07,33373,Alexander Gardens,Apt. 977,Hawkinsshire,Illinois,54545,melaniecarpenter@example.net,590-50-4285,"6553 Fernandez Club Apt. 538
North Tina, WY 67013",001-278-951-9358x374,FNPP360260
NCFA878057,Christine,Crawford,Christine Crawford,Christine,Crawford,1992-11-04,762,Lewis Mission,Suite 845,New Lauren,North Carolina,53865,katiebaird@example.net,323-01-9988,"119 Alyssa Stream Apt. 339
Port Howard, SD 65378",001-415-311-6966x6725,CQHI738299
NIPC246335,Larry,Thompson,Larry Thompson,Larry,Thompson,1948-06-05,051,Aaron Pines,Apt. 056,Anthonyshire,Oregon,49631,sosajacob@example.net,511-24-8769,"29592 Mccarthy Trail Apt. 827
New Benjaminside, FM 16266",741-952-9821x7392,VDEI118244
MZOD815352,Sarah,Kelley,Sarah Kelley,Sarah,Kelley,1999-06-20,918,Elizabeth Islands,Suite 834,Derekborough,Maine,82596,ypowell@example.org,503-04-8049,"647 Townsend Square Apt. 803
West Patriciashire, ND 23223",+1-450-780-0463x5806,FNPP360260
GDOF351373,Erin,Williams,Erin Williams,Erin,Williams,1944-08-09,52635,Williams Divide,Apt. 946,Jamieview,Nebraska,90977,perryrobert@example.com,863-25-7999,"607 Elizabeth Fork
Lake Dannyburgh, MH 64534",628-652-4648,CQHI738299
YDMG187328,Melissa,Green,Melissa Green,Melissa,Green,1956-11-02,13695,Rodgers Mills,Apt. 833,Bradleytown,Georgia,45242,sandra57@example.org,660-08-6412,"132 Matthew Stravenue Suite 071
New Allison, OH 21616",(285)401-1688,XZKN981693
BEDV306090,Jennifer,Morris,Jennifer Morris,Jennifer,Morris,1945-08-18,796,Jennings Loaf,Suite 379,Michaelmouth,New Mexico,20573,xherrera@example.org,148-37-2857,"USCGC Kidd
FPO AE 48745",001-506-842-0768x3625,FNPP360260
XOOM755562,Robert,Butler,Robert Butler,Robert,Butler,1969-01-05,8654,Philip Mountains,Apt. 874,Williamsborough,Michigan,72812,donnagiles@example.com,185-57-0391,"249 Danielle Ports Apt. 265
Sanchezberg, WV 64291",799-580-1110x00515,YSWA967054
JCLT597752,Julia,Rubio,Julia Rubio,Julia,Rubio,1952-05-05,962,Graves Harbors,Apt. 127,Port Benjaminfurt,New Mexico,50225,bjackson@example.net,705-47-7225,"0795 Huerta Land
East Dennisport, TX 52093",(213)854-1597,VDEI118244
IGQI807520,Victoria,Diaz,Victoria Diaz,Victoria,Diaz,1995-04-28,715,David Road,Apt. 904,Gonzalezfort,Missouri,51408,dominguezjoseph@example.com,344-47-8399,"5254 Tracy Grove Apt. 715
North Lisaville, IA 10254",(251)729-3110,DLYR692322
